stateTime,Network QA Power,Network RB Power,Baseline Power
"2020-10-15",0.56,0.56,2.77
"2020-10-16",0.57,0.57,2.77
"2020-10-17",0.58,0.58,2.78
"2020-10-18",0.58,0.58,2.78
"2020-10-19",0.59,0.59,2.79
"2020-10-20",0.6,0.6,2.79
"2020-10-21",0.6,0.6,2.8
"2020-10-22",0.61,0.61,2.8
"2020-10-23",0.61,0.61,2.81
"2020-10-24",0.62,0.62,2.81
"2020-10-25",0.63,0.63,2.82
"2020-10-26",0.64,0.64,2.82
"2020-10-27",0.65,0.65,2.83
"2020-10-28",0.66,0.66,2.84
"2020-10-29",0.68,0.68,2.84
"2020-10-30",0.69,0.69,2.85
"2020-10-31",0.7,0.7,2.85
"2020-11-01",0.71,0.71,2.86
"2020-11-02",0.73,0.73,2.86
"2020-11-03",0.74,0.74,2.87
"2020-11-04",0.75,0.75,2.87
"2020-11-05",0.77,0.77,2.88
"2020-11-06",0.78,0.78,2.88
"2020-11-07",0.79,0.79,2.89
"2020-11-08",0.8,0.8,2.9
"2020-11-09",0.82,0.82,2.9
"2020-11-10",0.84,0.84,2.91
"2020-11-11",0.85,0.85,2.91
"2020-11-12",0.87,0.87,2.92
"2020-11-13",0.89,0.89,2.92
"2020-11-14",0.9,0.9,2.93
"2020-11-15",0.92,0.92,2.93
"2020-11-16",0.93,0.93,2.94
"2020-11-17",0.95,0.95,2.95
"2020-11-18",0.97,0.97,2.95
"2020-11-19",0.98,0.98,2.96
"2020-11-20",1,1,2.96
"2020-11-21",1.01,1.01,2.97
"2020-11-22",1.03,1.03,2.97
"2020-11-23",1.05,1.05,2.98
"2020-11-24",1.06,1.06,2.98
"2020-11-25",1.07,1.07,2.99
"2020-11-26",1.09,1.09,3
"2020-11-27",1.1,1.1,3
"2020-11-28",1.11,1.11,3.01
"2020-11-29",1.14,1.14,3.01
"2020-11-30",1.15,1.15,3.02
"2020-12-01",1.17,1.17,3.02
"2020-12-02",1.18,1.18,3.03
"2020-12-03",1.2,1.2,3.04
"2020-12-04",1.22,1.22,3.04
"2020-12-05",1.23,1.23,3.05
"2020-12-06",1.25,1.25,3.05
"2020-12-07",1.27,1.27,3.06
"2020-12-08",1.29,1.29,3.06
"2020-12-09",1.3,1.3,3.07
"2020-12-10",1.32,1.32,3.08
"2020-12-11",1.34,1.34,3.08
"2020-12-12",1.34,1.34,3.09
"2020-12-13",1.37,1.37,3.09
"2020-12-14",1.39,1.39,3.1
"2020-12-15",1.4,1.4,3.11
"2020-12-16",1.42,1.42,3.11
"2020-12-17",1.43,1.43,3.12
"2020-12-18",1.45,1.45,3.12
"2020-12-19",1.12,1.12,3.13
"2020-12-20",1.39,1.39,3.14
"2020-12-21",1.49,1.49,3.14
"2020-12-22",1.51,1.51,3.15
"2020-12-23",1.53,1.53,3.15
"2020-12-24",1.54,1.54,3.16
"2020-12-25",1.55,1.55,3.17
"2020-12-26",1.58,1.58,3.17
"2020-12-27",1.59,1.59,3.18
"2020-12-28",1.61,1.61,3.18
"2020-12-29",1.62,1.62,3.19
"2020-12-30",1.64,1.64,3.2
"2020-12-31",1.66,1.66,3.2
"2021-01-01",1.67,1.67,3.21
"2021-01-02",1.69,1.69,3.21
"2021-01-03",1.71,1.71,3.22
"2021-01-04",1.72,1.72,3.23
"2021-01-05",1.74,1.74,3.23
"2021-01-06",1.75,1.75,3.24
"2021-01-07",1.77,1.77,3.24
"2021-01-08",1.79,1.79,3.25
"2021-01-09",1.81,1.81,3.26
"2021-01-10",1.82,1.82,3.26
"2021-01-11",1.84,1.84,3.27
"2021-01-12",1.86,1.86,3.28
"2021-01-13",1.87,1.87,3.28
"2021-01-14",1.89,1.89,3.29
"2021-01-15",1.91,1.91,3.29
"2021-01-16",1.92,1.92,3.3
"2021-01-17",1.94,1.94,3.31
"2021-01-18",1.97,1.97,3.31
"2021-01-19",1.98,1.98,3.32
"2021-01-20",2,2,3.33
"2021-01-21",2,2,3.33
"2021-01-22",2.03,2.03,3.34
"2021-01-23",2.05,2.05,3.34
"2021-01-24",2.07,2.07,3.35
"2021-01-25",2.09,2.09,3.36
"2021-01-26",2.11,2.11,3.36
"2021-01-27",2.14,2.14,3.37
"2021-01-28",2.16,2.16,3.38
"2021-01-29",2.18,2.18,3.38
"2021-01-30",2.2,2.2,3.39
"2021-01-31",2.22,2.22,3.4
"2021-02-01",2.24,2.24,3.4
"2021-02-02",2.27,2.27,3.41
"2021-02-03",2.29,2.29,3.42
"2021-02-04",2.31,2.31,3.42
"2021-02-05",2.33,2.33,3.43
"2021-02-06",2.35,2.35,3.43
"2021-02-07",2.37,2.37,3.44
"2021-02-08",2.4,2.4,3.45
"2021-02-09",2.42,2.42,3.45
"2021-02-10",2.44,2.44,3.46
"2021-02-11",2.46,2.46,3.47
"2021-02-12",2.48,2.48,3.47
"2021-02-13",2.51,2.51,3.48
"2021-02-14",2.54,2.54,3.49
"2021-02-15",2.56,2.56,3.49
"2021-02-16",2.57,2.57,3.5
"2021-02-17",2.6,2.6,3.51
"2021-02-18",2.63,2.62,3.51
"2021-02-19",2.64,2.64,3.52
"2021-02-20",2.66,2.66,3.53
"2021-02-21",2.69,2.69,3.53
"2021-02-22",2.71,2.71,3.54
"2021-02-23",2.72,2.72,3.55
"2021-02-24",2.76,2.76,3.55
"2021-02-25",2.78,2.78,3.56
"2021-02-26",2.81,2.81,3.57
"2021-02-27",2.83,2.83,3.57
"2021-02-28",2.86,2.86,3.58
"2021-03-01",2.88,2.88,3.59
"2021-03-02",2.9,2.9,3.6
"2021-03-03",2.92,2.92,3.6
"2021-03-04",2.94,2.94,3.61
"2021-03-05",2.98,2.98,3.62
"2021-03-06",3.01,3.01,3.62
"2021-03-07",3.04,3.04,3.63
"2021-03-08",3.07,3.07,3.64
"2021-03-09",3.09,3.09,3.64
"2021-03-10",3.13,3.13,3.65
"2021-03-11",3.15,3.15,3.66
"2021-03-12",3.19,3.19,3.66
"2021-03-13",3.22,3.22,3.67
"2021-03-14",3.25,3.25,3.68
"2021-03-15",3.28,3.28,3.68
"2021-03-16",3.31,3.31,3.69
"2021-03-17",3.34,3.34,3.7
"2021-03-18",3.37,3.37,3.71
"2021-03-19",3.4,3.4,3.71
"2021-03-20",3.43,3.43,3.72
"2021-03-21",3.47,3.47,3.73
"2021-03-22",3.5,3.5,3.73
"2021-03-23",3.52,3.52,3.74
"2021-03-24",3.55,3.55,3.75
"2021-03-25",3.58,3.58,3.76
"2021-03-26",3.6,3.6,3.76
"2021-03-27",3.64,3.64,3.77
"2021-03-28",3.68,3.68,3.78
"2021-03-29",3.71,3.71,3.78
"2021-03-30",3.75,3.74,3.79
"2021-03-31",3.78,3.78,3.8
"2021-04-01",3.8,3.8,3.81
"2021-04-02",3.85,3.84,3.81
"2021-04-03",3.87,3.87,3.82
"2021-04-04",3.9,3.9,3.83
"2021-04-05",3.94,3.94,3.83
"2021-04-06",3.97,3.97,3.84
"2021-04-07",4,4,3.85
"2021-04-08",4.04,4.04,3.86
"2021-04-09",4.07,4.07,3.86
"2021-04-10",4.1,4.1,3.87
"2021-04-11",4.14,4.14,3.88
"2021-04-12",4.16,4.16,3.89
"2021-04-13",4.18,4.18,3.89
"2021-04-14",4.23,4.23,3.9
"2021-04-15",4.27,4.27,3.91
"2021-04-16",4.3,4.29,3.92
"2021-04-17",4.33,4.33,3.92
"2021-04-18",4.37,4.37,3.93
"2021-04-19",4.4,4.4,3.94
"2021-04-20",4.44,4.44,3.95
"2021-04-21",4.47,4.47,3.95
"2021-04-22",4.5,4.5,3.96
"2021-04-23",4.54,4.54,3.97
"2021-04-24",4.58,4.58,3.98
"2021-04-25",4.62,4.61,3.98
"2021-04-26",4.64,4.64,3.99
"2021-04-27",4.68,4.68,4
"2021-04-28",4.7,4.7,4.01
"2021-04-29",4.73,4.73,4.01
"2021-04-30",4.76,4.76,4.02
"2021-05-01",4.81,4.81,4.03
"2021-05-02",4.84,4.83,4.04
"2021-05-03",4.89,4.88,4.04
"2021-05-04",4.92,4.92,4.05
"2021-05-05",4.96,4.96,4.06
"2021-05-06",4.99,4.99,4.07
"2021-05-07",5.02,5.02,4.08
"2021-05-08",5.06,5.06,4.08
"2021-05-09",5.1,5.1,4.09
"2021-05-10",5.14,5.14,4.1
"2021-05-11",5.17,5.17,4.11
"2021-05-12",5.21,5.21,4.11
"2021-05-13",5.25,5.24,4.12
"2021-05-14",5.28,5.28,4.13
"2021-05-15",5.32,5.32,4.14
"2021-05-16",5.36,5.35,4.15
"2021-05-17",5.38,5.38,4.15
"2021-05-18",5.42,5.42,4.16
"2021-05-19",5.46,5.46,4.17
"2021-05-20",5.5,5.5,4.18
"2021-05-21",5.54,5.54,4.18
"2021-05-22",5.58,5.58,4.19
"2021-05-23",5.62,5.61,4.2
"2021-05-24",5.65,5.65,4.21
"2021-05-25",5.69,5.68,4.22
"2021-05-26",5.72,5.72,4.22
"2021-05-27",5.76,5.76,4.23
"2021-05-28",5.8,5.8,4.24
"2021-05-29",5.79,5.79,4.25
"2021-05-30",5.84,5.84,4.26
"2021-05-31",5.89,5.89,4.27
"2021-06-01",5.93,5.93,4.27
"2021-06-02",5.95,5.95,4.28
"2021-06-03",5.86,5.85,4.29
"2021-06-04",6.01,6.01,4.3
"2021-06-05",6.05,6.05,4.31
"2021-06-06",6.1,6.1,4.31
"2021-06-07",6.15,6.14,4.32
"2021-06-08",6.18,6.18,4.33
"2021-06-09",6.22,6.22,4.34
"2021-06-10",6.25,6.25,4.35
"2021-06-11",6.28,6.28,4.36
"2021-06-12",6.32,6.32,4.36
"2021-06-13",6.32,6.32,4.37
"2021-06-14",6.4,6.4,4.38
"2021-06-15",6.43,6.43,4.39
"2021-06-16",6.47,6.46,4.4
"2021-06-17",6.5,6.5,4.41
"2021-06-18",6.53,6.53,4.41
"2021-06-19",6.56,6.56,4.42
"2021-06-20",6.6,6.6,4.43
"2021-06-21",6.64,6.64,4.44
"2021-06-22",6.68,6.67,4.45
"2021-06-23",6.7,6.7,4.46
"2021-06-24",6.74,6.74,4.46
"2021-06-25",6.78,6.78,4.47
"2021-06-26",6.82,6.81,4.48
"2021-06-27",6.85,6.85,4.49
"2021-06-28",6.88,6.87,4.5
"2021-06-29",6.91,6.91,4.51
"2021-06-30",6.9,6.9,4.52
"2021-07-01",6.93,6.93,4.52
"2021-07-02",6.99,6.98,4.53
"2021-07-03",7.03,7.02,4.54
"2021-07-04",7.03,7.03,4.55
"2021-07-05",7.11,7.11,4.56
"2021-07-06",7.15,7.15,4.57
"2021-07-07",7.19,7.19,4.58
"2021-07-08",7.24,7.24,4.58
"2021-07-09",7.28,7.28,4.59
"2021-07-10",7.34,7.34,4.6
"2021-07-11",7.37,7.37,4.61
"2021-07-12",7.43,7.43,4.62
"2021-07-13",7.48,7.48,4.63
"2021-07-14",7.54,7.54,4.64
"2021-07-15",7.59,7.58,4.65
"2021-07-16",7.55,7.54,4.65
"2021-07-17",7.66,7.66,4.66
"2021-07-18",7.74,7.74,4.67
"2021-07-19",7.72,7.72,4.68
"2021-07-20",7.81,7.81,4.69
"2021-07-21",7.87,7.87,4.7
"2021-07-22",7.87,7.87,4.71
"2021-07-23",7.97,7.96,4.72
"2021-07-24",8.03,8.03,4.73
"2021-07-25",8.08,8.07,4.73
"2021-07-26",8.12,8.12,4.74
"2021-07-27",8.18,8.18,4.75
"2021-07-28",8.2,8.2,4.76
"2021-07-29",8.25,8.25,4.77
"2021-07-30",8.31,8.3,4.78
"2021-07-31",8.37,8.36,4.79
"2021-08-01",8.42,8.41,4.8
"2021-08-02",8.47,8.47,4.81
"2021-08-03",8.53,8.52,4.82
"2021-08-04",8.58,8.58,4.83
"2021-08-05",8.63,8.62,4.83
"2021-08-06",8.68,8.67,4.84
"2021-08-07",8.74,8.74,4.85
"2021-08-08",8.78,8.78,4.86
"2021-08-09",8.84,8.83,4.87
"2021-08-10",8.89,8.89,4.88
"2021-08-11",8.94,8.94,4.89
"2021-08-12",9,8.99,4.9
"2021-08-13",9.05,9.05,4.91
"2021-08-14",9.09,9.09,4.92
"2021-08-15",9.15,9.15,4.93
"2021-08-16",9.19,9.19,4.94
"2021-08-17",9.25,9.24,4.95
"2021-08-18",9.29,9.29,4.96
"2021-08-19",9.35,9.35,4.96
"2021-08-20",9.4,9.39,4.97
"2021-08-21",9.46,9.46,4.98
"2021-08-22",9.52,9.52,4.99
"2021-08-23",9.58,9.57,5
"2021-08-24",9.62,9.62,5.01
"2021-08-25",9.68,9.67,5.02
"2021-08-26",9.73,9.73,5.03
"2021-08-27",9.79,9.79,5.04
"2021-08-28",9.85,9.85,5.05
"2021-08-29",9.91,9.9,5.06
"2021-08-30",9.96,9.96,5.07
"2021-08-31",10.02,10.01,5.08
"2021-09-01",10.08,10.07,5.09
"2021-09-02",10.13,10.12,5.1
"2021-09-03",10.2,10.19,5.11
"2021-09-04",10.25,10.25,5.12
"2021-09-05",10.31,10.31,5.13
"2021-09-06",10.36,10.35,5.14
"2021-09-07",10.42,10.41,5.15
"2021-09-08",10.47,10.47,5.16
"2021-09-09",10.53,10.52,5.17
"2021-09-10",10.59,10.58,5.18
"2021-09-11",10.65,10.65,5.19
"2021-09-12",10.7,10.7,5.2
"2021-09-13",10.77,10.76,5.21
"2021-09-14",10.82,10.82,5.22
"2021-09-15",10.88,10.88,5.23
"2021-09-16",10.94,10.94,5.24
"2021-09-17",11.01,11,5.25
"2021-09-18",11.06,11.05,5.26
"2021-09-19",11.12,11.11,5.27
"2021-09-20",11.17,11.17,5.28
"2021-09-21",11.23,11.22,5.29
"2021-09-22",11.29,11.28,5.3
"2021-09-23",11.35,11.34,5.31
"2021-09-24",11.4,11.39,5.32
"2021-09-25",11.45,11.45,5.33
"2021-09-26",11.52,11.51,5.34
"2021-09-27",11.57,11.56,5.35
"2021-09-28",11.62,11.61,5.36
"2021-09-29",11.68,11.67,5.37
"2021-09-30",11.71,11.7,5.38
"2021-10-01",11.79,11.78,5.39
"2021-10-02",11.84,11.83,5.4
"2021-10-03",11.9,11.89,5.41
"2021-10-04",11.94,11.93,5.42
"2021-10-05",12.01,12,5.43
"2021-10-06",12.06,12.05,5.44
"2021-10-07",12.11,12.1,5.45
"2021-10-08",12.14,12.13,5.46
"2021-10-09",12.2,12.19,5.47
"2021-10-10",12.25,12.24,5.48
"2021-10-11",12.29,12.28,5.49
"2021-10-12",12.33,12.32,5.5
"2021-10-13",12.39,12.37,5.51
"2021-10-14",12.42,12.4,5.52
"2021-10-15",12.45,12.44,5.53
"2021-10-16",12.51,12.5,5.54
"2021-10-17",12.55,12.54,5.55
"2021-10-18",12.57,12.56,5.56
"2021-10-19",12.61,12.6,5.57
"2021-10-20",12.66,12.65,5.59
"2021-10-21",12.69,12.68,5.6
"2021-10-22",12.72,12.71,5.61
"2021-10-23",12.76,12.75,5.62
"2021-10-24",12.79,12.77,5.63
"2021-10-25",12.81,12.8,5.64
"2021-10-26",12.8,12.78,5.65
"2021-10-27",12.88,12.87,5.66
"2021-10-28",12.92,12.9,5.67
"2021-10-29",12.97,12.95,5.68
"2021-10-30",13.01,13,5.69
"2021-10-31",13.02,13.01,5.7
"2021-11-01",13.06,13.04,5.71
"2021-11-02",13.09,13.08,5.72
"2021-11-03",13.13,13.11,5.74
"2021-11-04",13.17,13.15,5.75
"2021-11-05",13.2,13.19,5.76
"2021-11-06",13.24,13.22,5.77
"2021-11-07",13.27,13.25,5.78
"2021-11-08",13.3,13.29,5.79
"2021-11-09",13.3,13.28,5.8
"2021-11-10",13.31,13.29,5.81
"2021-11-11",13.38,13.36,5.82
"2021-11-12",13.4,13.38,5.83
"2021-11-13",13.45,13.43,5.85
"2021-11-14",13.47,13.45,5.86
"2021-11-15",13.49,13.46,5.87
"2021-11-16",13.52,13.5,5.88
"2021-11-17",13.52,13.5,5.89
"2021-11-18",13.58,13.55,5.9
"2021-11-19",13.59,13.57,5.91
"2021-11-20",13.64,13.62,5.92
"2021-11-21",13.67,13.65,5.94
"2021-11-22",13.67,13.65,5.95
"2021-11-23",13.67,13.65,5.96
"2021-11-24",13.7,13.68,5.97
"2021-11-25",13.73,13.7,5.98
"2021-11-26",13.75,13.72,5.99
"2021-11-27",13.78,13.75,6
"2021-11-28",13.81,13.79,6.01
"2021-11-29",13.83,13.8,6.03
"2021-11-30",13.84,13.82,6.04
"2021-12-01",13.86,13.84,6.05
"2021-12-02",13.89,13.86,6.06
"2021-12-03",13.92,13.89,6.07
"2021-12-04",13.95,13.92,6.08
"2021-12-05",13.94,13.91,6.1
"2021-12-06",13.95,13.92,6.11
"2021-12-07",14,13.97,6.12
"2021-12-08",14.03,14,6.13
"2021-12-09",14.04,14.01,6.14
"2021-12-10",14.07,14.04,6.15
"2021-12-11",14.08,14.05,6.16
"2021-12-12",14.12,14.09,6.18
"2021-12-13",14.14,14.11,6.19
"2021-12-14",14.16,14.12,6.2
"2021-12-15",14.18,14.15,6.21
"2021-12-16",14.2,14.17,6.22
"2021-12-17",14.23,14.19,6.24
"2021-12-18",14.25,14.22,6.25
"2021-12-19",14.27,14.23,6.26
"2021-12-20",14.3,14.26,6.27
"2021-12-21",14.31,14.27,6.28
"2021-12-22",14.31,14.27,6.3
"2021-12-23",14.35,14.31,6.31
"2021-12-24",14.4,14.35,6.32
"2021-12-25",14.43,14.39,6.33
"2021-12-26",14.46,14.41,6.34
"2021-12-27",14.48,14.43,6.36
"2021-12-28",14.5,14.45,6.37
"2021-12-29",14.53,14.48,6.38
"2021-12-30",14.54,14.48,6.39
"2021-12-31",14.57,14.52,6.4
"2022-01-01",14.61,14.55,6.42
"2022-01-02",14.64,14.58,6.43
"2022-01-03",14.67,14.6,6.44
"2022-01-04",14.68,14.62,6.45
"2022-01-05",14.65,14.59,6.46
"2022-01-06",14.68,14.61,6.48
"2022-01-07",14.73,14.66,6.49
"2022-01-08",14.78,14.71,6.5
"2022-01-09",14.79,14.72,6.51
"2022-01-10",14.8,14.73,6.53
"2022-01-11",14.83,14.76,6.54
"2022-01-12",14.87,14.79,6.55
"2022-01-13",14.88,14.81,6.56
"2022-01-14",14.92,14.84,6.58
"2022-01-15",14.93,14.85,6.59
"2022-01-16",14.97,14.89,6.6
"2022-01-17",14.98,14.9,6.61
"2022-01-18",15.02,14.93,6.63
"2022-01-19",15.04,14.95,6.64
"2022-01-20",15.07,14.98,6.65
"2022-01-21",15.08,14.99,6.66
"2022-01-22",15.11,15.02,6.68
"2022-01-23",15.12,15.02,6.69
"2022-01-24",15.15,15.05,6.7
"2022-01-25",15.17,15.06,6.71
"2022-01-26",15.19,15.08,6.73
"2022-01-27",15.23,15.12,6.74
"2022-01-28",15.28,15.16,6.75
"2022-01-29",15.3,15.18,6.77
"2022-01-30",15.31,15.19,6.78
"2022-01-31",15.34,15.23,6.79
"2022-02-01",15.36,15.25,6.8
"2022-02-02",15.39,15.26,6.82
"2022-02-03",15.4,15.28,6.83
"2022-02-04",15.41,15.29,6.84
"2022-02-05",15.43,15.3,6.86
"2022-02-06",15.43,15.3,6.87
"2022-02-07",15.46,15.33,6.88
"2022-02-08",15.48,15.35,6.9
"2022-02-09",15.49,15.36,6.91
"2022-02-10",15.52,15.38,6.92
"2022-02-11",15.53,15.39,6.94
"2022-02-12",15.5,15.36,6.95
"2022-02-13",15.57,15.43,6.96
"2022-02-14",15.54,15.39,6.97
"2022-02-15",15.53,15.38,6.99
"2022-02-16",15.56,15.41,7
"2022-02-17",15.57,15.41,7.01
"2022-02-18",15.59,15.43,7.03
"2022-02-19",15.6,15.44,7.04
"2022-02-20",15.61,15.44,7.05
"2022-02-21",15.59,15.42,7.07
"2022-02-22",15.62,15.44,7.08
"2022-02-23",15.62,15.44,7.1
"2022-02-24",15.64,15.46,7.11
"2022-02-25",15.64,15.45,7.12
"2022-02-26",15.66,15.46,7.14
"2022-02-27",15.66,15.46,7.15
"2022-02-28",15.42,15.22,7.16
"2022-03-01",15.46,15.25,7.18
"2022-03-02",15.5,15.29,7.19
"2022-03-03",15.59,15.37,7.2
"2022-03-04",15.63,15.41,7.22
"2022-03-05",15.68,15.44,7.23
"2022-03-06",15.7,15.45,7.24
"2022-03-07",15.71,15.46,7.26
"2022-03-08",15.77,15.51,7.27
"2022-03-09",15.78,15.51,7.29
"2022-03-10",15.78,15.52,7.3
"2022-03-11",15.8,15.52,7.31
"2022-03-12",15.82,15.54,7.33
"2022-03-13",15.82,15.53,7.34
"2022-03-14",15.84,15.54,7.36
"2022-03-15",15.82,15.51,7.37
"2022-03-16",15.82,15.51,7.38
"2022-03-17",15.84,15.52,7.4
"2022-03-18",15.85,15.52,7.41
"2022-03-19",15.89,15.55,7.43
"2022-03-20",15.91,15.57,7.44
"2022-03-21",15.91,15.57,7.45
"2022-03-22",15.92,15.57,7.47
"2022-03-23",15.95,15.59,7.48
"2022-03-24",15.96,15.59,7.5
"2022-03-25",15.97,15.59,7.51
"2022-03-26",15.98,15.6,7.53
"2022-03-27",16.01,15.61,7.54
"2022-03-28",16.02,15.62,7.55
"2022-03-29",16.04,15.62,7.57
"2022-03-30",16.05,15.63,7.58
"2022-03-31",16.02,15.59,7.6
"2022-04-01",16.05,15.62,7.61
"2022-04-02",16.09,15.65,7.63
"2022-04-03",16.1,15.66,7.64
"2022-04-04",16.12,15.67,7.66
"2022-04-05",16.12,15.68,7.67
"2022-04-06",16.13,15.68,7.68
"2022-04-07",16.15,15.7,7.7
"2022-04-08",16.16,15.7,7.71
"2022-04-09",16.18,15.72,7.73
"2022-04-10",16.17,15.7,7.74
"2022-04-11",16.16,15.69,7.76
"2022-04-12",16.17,15.7,7.77
"2022-04-13",16.13,15.66,7.79
"2022-04-14",16.26,15.78,7.8
"2022-04-15",16.24,15.75,7.82
"2022-04-16",16.26,15.77,7.83
"2022-04-17",16.27,15.78,7.85
"2022-04-18",16.3,15.8,7.86
"2022-04-19",16.32,15.82,7.88
"2022-04-20",16.34,15.82,7.89
"2022-04-21",16.36,15.83,7.91
"2022-04-22",16.39,15.86,7.92
"2022-04-23",16.41,15.87,7.94
"2022-04-24",16.42,15.88,7.95
"2022-04-25",16.41,15.86,7.97
"2022-04-26",16.44,15.9,7.98
"2022-04-27",16.45,15.9,8
"2022-04-28",16.49,15.93,8.01
"2022-04-29",16.52,15.95,8.03
"2022-04-30",16.53,15.96,8.04
"2022-05-01",16.55,15.98,8.06
"2022-05-02",16.56,15.98,8.07
"2022-05-03",16.56,15.98,8.09
"2022-05-04",16.58,15.99,8.1
"2022-05-05",16.6,16.01,8.12
"2022-05-06",16.63,16.03,8.13
"2022-05-07",16.61,16,8.15
"2022-05-08",16.6,15.99,8.17
"2022-05-09",16.61,15.99,8.18
"2022-05-10",16.64,16.02,8.2
"2022-05-11",16.66,16.03,8.21
"2022-05-12",16.65,16.02,8.23
"2022-05-13",16.69,16.05,8.24
"2022-05-14",16.71,16.07,8.26
"2022-05-15",16.72,16.07,8.27
"2022-05-16",16.73,16.07,8.29
"2022-05-17",16.76,16.1,8.31
"2022-05-18",16.75,16.08,8.32
"2022-05-19",16.8,16.12,8.34
"2022-05-20",16.85,16.16,8.35
"2022-05-21",16.87,16.17,8.37
"2022-05-22",16.91,16.21,8.39
"2022-05-23",16.9,16.2,8.4
"2022-05-24",16.94,16.23,8.42
"2022-05-25",16.96,16.24,8.43
"2022-05-26",16.98,16.26,8.45
"2022-05-27",17,16.28,8.47
"2022-05-28",17,16.27,8.48
"2022-05-29",17.05,16.31,8.5
"2022-05-30",17.08,16.34,8.51
"2022-05-31",17.06,16.32,8.53
"2022-06-01",17.11,16.35,8.55
"2022-06-02",17.13,16.37,8.56
"2022-06-03",17.16,16.38,8.58
"2022-06-04",17.18,16.4,8.6
"2022-06-05",17.21,16.41,8.61
"2022-06-06",17.22,16.42,8.63
"2022-06-07",17.24,16.43,8.64
"2022-06-08",17.24,16.41,8.66
"2022-06-09",17.29,16.45,8.68
"2022-06-10",17.31,16.47,8.69
"2022-06-11",17.28,16.43,8.71
"2022-06-12",17.36,16.5,8.73
"2022-06-13",17.38,16.51,8.74
"2022-06-14",17.39,16.51,8.76
"2022-06-15",17.36,16.48,8.78
"2022-06-16",17.3,16.42,8.79
"2022-06-17",17.29,16.4,8.81
"2022-06-18",17.47,16.57,8.83
"2022-06-19",17.5,16.59,8.84
"2022-06-20",17.46,16.55,8.86
"2022-06-21",17.47,16.56,8.88
"2022-06-22",17.53,16.6,8.89
"2022-06-23",17.58,16.65,8.91
"2022-06-24",17.61,16.67,8.93
"2022-06-25",17.61,16.67,8.94
"2022-06-26",17.59,16.65,8.96
"2022-06-27",17.62,16.67,8.98
"2022-06-28",17.7,16.74,9
"2022-06-29",17.69,16.73,9.01
"2022-06-30",17.71,16.74,9.03
"2022-07-01",17.72,16.75,9.05
"2022-07-02",17.77,16.79,9.06
"2022-07-03",17.8,16.82,9.08
"2022-07-04",17.83,16.84,9.1
"2022-07-05",17.8,16.81,9.12
"2022-07-06",17.32,16.34,9.13
"2022-07-07",17.33,16.34,9.15
"2022-07-08",17.47,16.47,9.17
"2022-07-09",17.59,16.59,9.19
"2022-07-10",17.73,16.73,9.2
"2022-07-11",17.76,16.75,9.22
"2022-07-12",17.82,16.8,9.24
"2022-07-13",17.87,16.86,9.26
"2022-07-14",17.79,16.77,9.27
"2022-07-15",17.78,16.74,9.29
"2022-07-16",17.82,16.78,9.31
"2022-07-17",17.81,16.77,9.33
"2022-07-18",17.86,16.81,9.34
"2022-07-19",17.89,16.83,9.36
"2022-07-20",17.91,16.86,9.38
"2022-07-21",17.88,16.82,9.4
"2022-07-22",17.92,16.85,9.42
"2022-07-23",17.86,16.78,9.43
"2022-07-24",17.91,16.83,9.45
"2022-07-25",17.94,16.85,9.47
"2022-07-26",17.93,16.84,9.49
"2022-07-27",17.97,16.88,9.51
"2022-07-28",17.98,16.87,9.52
"2022-07-29",17.99,16.88,9.54
"2022-07-30",17.98,16.86,9.56
"2022-07-31",18,16.87,9.58
"2022-08-01",18,16.87,9.6
"2022-08-02",17.99,16.85,9.61
"2022-08-03",18.01,16.86,9.63
"2022-08-04",18.03,16.87,9.65
"2022-08-05",18.05,16.89,9.67
"2022-08-06",18.07,16.88,9.69
"2022-08-07",18.06,16.87,9.71
"2022-08-08",18.05,16.85,9.72
"2022-08-09",18.05,16.85,9.74
"2022-08-10",18.07,16.86,9.76
"2022-08-11",18.05,16.83,9.78
"2022-08-12",18.05,16.83,9.8
"2022-08-13",18.1,16.87,9.82
"2022-08-14",18.12,16.88,9.84
"2022-08-15",18.11,16.85,9.85
"2022-08-16",17.95,16.69,9.87
"2022-08-17",18.04,16.76,9.89
"2022-08-18",18.16,16.87,9.91
"2022-08-19",18.17,16.87,9.93
"2022-08-20",18.19,16.88,9.95
"2022-08-21",18.2,16.88,9.97
"2022-08-22",18.2,16.87,9.99
"2022-08-23",18.23,16.89,10.01
"2022-08-24",18.23,16.88,10.02
"2022-08-25",18.26,16.9,10.04
"2022-08-26",18.2,16.83,10.06
"2022-08-27",18.23,16.85,10.08
"2022-08-28",18.26,16.86,10.1
"2022-08-29",18.25,16.84,10.12
"2022-08-30",18.28,16.86,10.14
"2022-08-31",18.29,16.87,10.16
"2022-09-01",18.27,16.84,10.18
"2022-09-02",18.32,16.87,10.2
"2022-09-03",18.31,16.86,10.22
"2022-09-04",18.35,16.88,10.24
"2022-09-05",18.35,16.88,10.26
"2022-09-06",18.36,16.87,10.27
"2022-09-07",18.38,16.87,10.29
"2022-09-08",18.39,16.87,10.31
"2022-09-09",18.42,16.89,10.33
"2022-09-10",18.42,16.88,10.35
"2022-09-11",18.44,16.89,10.37
"2022-09-12",18.44,16.88,10.39
"2022-09-13",18.43,16.85,10.41
"2022-09-14",18.46,16.86,10.43
"2022-09-15",18.46,16.85,10.45
"2022-09-16",18.47,16.84,10.47
"2022-09-17",18.5,16.85,10.49
"2022-09-18",18.52,16.86,10.51
"2022-09-19",18.53,16.86,10.53
"2022-09-20",18.56,16.87,10.55
"2022-09-21",18.57,16.87,10.57
"2022-09-22",18.55,16.83,10.59
"2022-09-23",18.56,16.82,10.61
"2022-09-24",18.58,16.82,10.63
"2022-09-25",18.58,16.8,10.65
"2022-09-26",18.57,16.77,10.67
"2022-09-27",18.57,16.75,10.69
"2022-09-28",18.63,16.78,10.71
"2022-09-29",18.6,16.74,10.73
"2022-09-30",18.59,16.71,10.75
"2022-10-01",18.63,16.73,10.77
"2022-10-02",18.65,16.72,10.8
"2022-10-03",18.72,16.76,10.82
"2022-10-04",18.73,16.75,10.84
"2022-10-05",18.69,16.69,10.86
"2022-10-06",18.73,16.7,10.88
"2022-10-07",18.75,16.7,10.9
"2022-10-08",18.43,16.35,10.92
"2022-10-09",18.58,16.48,10.94
"2022-10-10",18.71,16.6,10.96
"2022-10-11",18.83,16.69,10.98
"2022-10-12",18.88,16.71,11
"2022-10-13",18.89,16.7,11.02
"2022-10-14",18.9,16.68,11.04
"2022-10-15",18.92,16.69,11.06
"2022-10-16",18.93,16.67,11.09
"2022-10-17",18.9,16.62,11.11
"2022-10-18",18.92,16.63,11.13
"2022-10-19",18.95,16.64,11.15
"2022-10-20",18.96,16.62,11.17
"2022-10-21",18.96,16.61,11.19
"2022-10-22",18.91,16.57,11.21
"2022-10-23",18.94,16.54,11.23
"2022-10-24",18.95,16.53,11.26
"2022-10-25",18.92,16.47,11.28
"2022-10-26",18.92,16.43,11.3
"2022-10-27",18.98,16.47,11.32
"2022-10-28",18.96,16.43,11.34
"2022-10-29",18.99,16.43,11.36
"2022-10-30",19.01,16.43,11.38
"2022-10-31",18.86,16.28,11.41
"2022-11-01",18.63,16.02,11.43
"2022-11-02",18.61,15.99,11.45
"2022-11-03",18.63,15.99,11.47
"2022-11-04",18.59,15.97,11.49
"2022-11-05",18.59,15.95,11.52
"2022-11-06",18.63,15.95,11.54
"2022-11-07",18.63,15.91,11.56
"2022-11-08",18.65,15.9,11.58
"2022-11-09",18.68,15.91,11.6
"2022-11-10",18.68,15.88,11.62
"2022-11-11",18.69,15.88,11.65
"2022-11-12",18.75,15.89,11.67
"2022-11-13",18.74,15.87,11.69
"2022-11-14",18.75,15.83,11.71
"2022-11-15",18.79,15.85,11.74
"2022-11-16",18.83,15.85,11.76
"2022-11-17",18.83,15.81,11.78
"2022-11-18",18.87,15.82,11.8
"2022-11-19",18.82,15.75,11.83
"2022-11-20",18.85,15.74,11.85
"2022-11-21",18.87,15.74,11.87
"2022-11-22",18.91,15.76,11.89
"2022-11-23",18.86,15.69,11.92
"2022-11-24",18.92,15.71,11.94
"2022-11-25",18.89,15.66,11.96
"2022-11-26",18.97,15.7,11.98
"2022-11-27",18.96,15.66,12.01
"2022-11-28",18.98,15.66,12.03
"2022-11-29",18.95,15.6,12.05
"2022-11-30",18.62,15.31,12.07
"2022-12-01",18.64,15.29,12.1
"2022-12-02",18.79,15.39,12.12
"2022-12-03",18.92,15.49,12.14
"2022-12-04",18.96,15.51,12.17
"2022-12-05",18.97,15.5,12.19
"2022-12-06",18.97,15.5,12.21
"2022-12-07",18.98,15.49,12.24
"2022-12-08",18.98,15.47,12.26
"2022-12-09",19.01,15.47,12.28
"2022-12-10",19.01,15.45,12.31
"2022-12-11",19.03,15.44,12.33
"2022-12-12",19.02,15.42,12.35
"2022-12-13",19.03,15.4,12.38
"2022-12-14",19.04,15.39,12.4
"2022-12-15",19.04,15.36,12.42
"2022-12-16",19.08,15.36,12.45
"2022-12-17",19.11,15.34,12.47
"2022-12-18",19.13,15.35,12.49
"2022-12-19",19.13,15.32,12.52
"2022-12-20",19.07,15.26,12.54
"2022-12-21",19.05,15.22,12.57
"2022-12-22",19.1,15.21,12.59
"2022-12-23",19.11,15.2,12.61
"2022-12-24",19.1,15.17,12.64
"2022-12-25",19.08,15.13,12.66
"2022-12-26",19.11,15.12,12.69
"2022-12-27",19.07,15.07,12.71
"2022-12-28",19.06,15.04,12.73
"2022-12-29",19.04,15,12.76
"2022-12-30",18.96,14.9,12.78
"2022-12-31",18.92,14.84,12.81
"2023-01-01",18.89,14.79,12.83
"2023-01-02",18.92,14.79,12.86
"2023-01-03",18.89,14.74,12.88
"2023-01-04",18.92,14.74,12.9
"2023-01-05",18.82,14.63,12.93
"2023-01-06",18.89,14.67,12.95
"2023-01-07",18.91,14.65,12.98
"2023-01-08",18.86,14.59,13
"2023-01-09",18.83,14.54,13.03
"2023-01-10",18.82,14.48,13.05
"2023-01-11",18.81,14.45,13.08
"2023-01-12",18.85,14.46,13.1
"2023-01-13",18.86,14.44,13.13
"2023-01-14",18.79,14.35,13.15
"2023-01-15",18.8,14.33,13.18
"2023-01-16",18.76,14.28,13.2
"2023-01-17",18.81,14.28,13.23
"2023-01-18",18.75,14.19,13.25
"2023-01-19",18.79,14.22,13.28
"2023-01-20",18.85,14.25,13.3
"2023-01-21",18.88,14.27,13.33
"2023-01-22",18.91,14.27,13.35
"2023-01-23",18.89,14.23,13.38
"2023-01-24",18.88,14.2,13.4
"2023-01-25",18.86,14.18,13.43
"2023-01-26",18.84,14.14,13.46
"2023-01-27",18.81,14.08,13.48
"2023-01-28",18.82,14.09,13.51
"2023-01-29",18.82,14.07,13.53
"2023-01-30",18.76,13.99,13.56
"2023-01-31",18.67,13.9,13.58
"2023-02-01",18.67,13.88,13.61
"2023-02-02",18.72,13.9,13.64
"2023-02-03",18.71,13.88,13.66
"2023-02-04",18.7,13.83,13.69
"2023-02-05",18.66,13.83,13.71
"2023-02-06",18.7,13.82,13.74
"2023-02-07",18.73,13.82,13.77
"2023-02-08",18.73,13.81,13.79
"2023-02-09",18.75,13.79,13.82
"2023-02-10",18.72,13.75,13.84
"2023-02-11",18.74,13.74,13.87
"2023-02-12",18.75,13.72,13.9
"2023-02-13",18.76,13.71,13.92
"2023-02-14",18.74,13.68,13.95
"2023-02-15",18.76,13.65,13.98
"2023-02-16",18.77,13.63,14
"2023-02-17",18.78,13.6,14.03
"2023-02-18",18.86,13.64,14.06
"2023-02-19",18.87,13.63,14.08
"2023-02-20",18.87,13.62,14.11
"2023-02-21",18.91,13.6,14.14
"2023-02-22",18.94,13.6,14.16
"2023-02-23",18.94,13.57,14.19
"2023-02-24",18.92,13.53,14.22
"2023-02-25",18.97,13.52,14.24
"2023-02-26",18.95,13.52,14.27
"2023-02-27",18.81,13.41,14.3
"2023-02-28",18.77,13.32,14.33
"2023-03-01",18.98,13.44,14.35
"2023-03-02",19.03,13.43,14.38
"2023-03-03",19.05,13.43,14.41
"2023-03-04",19.08,13.41,14.43
"2023-03-05",19.09,13.38,14.46
"2023-03-06",19.12,13.37,14.49
"2023-03-07",19.13,13.38,14.52
"2023-03-08",19.18,13.37,14.54
"2023-03-09",19.16,13.33,14.57
"2023-03-10",19.17,13.31,14.6
"2023-03-11",19.19,13.3,14.63
"2023-03-12",19.23,13.29,14.66
"2023-03-13",19.18,13.23,14.68
"2023-03-14",19.02,13.08,14.71
"2023-03-15",19.18,13.18,14.74
"2023-03-16",19.25,13.2,14.77
"2023-03-17",19.25,13.19,14.8
"2023-03-18",19.28,13.18,14.82
"2023-03-19",19.34,13.2,14.85
"2023-03-20",19.35,13.17,14.88
"2023-03-21",19.36,13.16,14.91
"2023-03-22",19.35,13.13,14.94
"2023-03-23",19.37,13.11,14.97
"2023-03-24",19.4,13.11,14.99
"2023-03-25",19.37,13.04,15.02
"2023-03-26",19.43,13.05,15.05
"2023-03-27",19.44,13.02,15.08
"2023-03-28",19.44,13,15.11
"2023-03-29",19.46,12.99,15.14
"2023-03-30",19.49,12.96,15.17
"2023-03-31",19.49,12.93,15.19
"2023-04-01",19.46,12.88,15.22
"2023-04-02",19.55,12.9,15.25
"2023-04-03",19.54,12.87,15.28
"2023-04-04",19.57,12.85,15.31
"2023-04-05",19.6,12.83,15.34
"2023-04-06",19.6,12.8,15.37
"2023-04-07",19.61,12.77,15.4
"2023-04-08",19.62,12.73,15.43
"2023-04-09",19.63,12.71,15.46
"2023-04-10",19.62,12.67,15.49
"2023-04-11",19.6,12.64,15.51
"2023-04-12",19.61,12.61,15.54
"2023-04-13",19.62,12.56,15.57
"2023-04-14",19.64,12.56,15.6
"2023-04-15",19.69,12.54,15.63
"2023-04-16",19.67,12.5,15.66
"2023-04-17",19.69,12.49,15.69
"2023-04-18",19.72,12.47,15.72
"2023-04-19",19.75,12.47,15.75
"2023-04-20",19.72,12.42,15.78
"2023-04-21",19.8,12.44,15.81
"2023-04-22",19.78,12.39,15.84
"2023-04-23",19.79,12.38,15.87
"2023-04-24",19.75,12.32,15.9
"2023-04-25",19.77,12.32,15.93
"2023-04-26",19.69,12.29,15.96
"2023-04-27",19.19,11.75,15.99
"2023-04-28",19.33,11.8,16.02
"2023-04-29",19.69,12.11,16.05
"2023-04-30",19.8,12.17,16.08
"2023-05-01",19.92,12.23,16.12
"2023-05-02",20,12.28,16.15
"2023-05-03",20.07,12.3,16.18
"2023-05-04",20.09,12.28,16.21
"2023-05-05",20.12,12.3,16.24
"2023-05-06",20.15,12.27,16.27
"2023-05-07",20.18,12.28,16.3
"2023-05-08",20.24,12.28,16.33
"2023-05-09",20.29,12.28,16.36
"2023-05-10",20.32,12.27,16.39
"2023-05-11",20.33,12.26,16.42
"2023-05-12",20.29,12.21,16.46
"2023-05-13",20.41,12.24,16.49
"2023-05-14",20.44,12.21,16.52
"2023-05-15",20.35,12.1,16.55
"2023-05-16",20.21,11.97,16.58
"2023-05-17",20.45,12.13,16.61
"2023-05-18",20.2,11.98,16.64
"2023-05-19",20.52,12.1,16.68
"2023-05-20",20.58,12.11,16.71
"2023-05-21",20.62,12.13,16.74
"2023-05-22",20.65,12.1,16.77
"2023-05-23",20.67,12.09,16.8
"2023-05-24",20.74,12.11,16.84
"2023-05-25",20.78,12.09,16.87
"2023-05-26",20.82,12.09,16.9
"2023-05-27",20.87,12.1,16.93
"2023-05-28",20.9,12.08,16.96
"2023-05-29",20.94,12.09,17
"2023-05-30",20.91,12.04,17.03
"2023-05-31",20.93,11.99,17.06
"2023-06-01",21.01,12.04,17.09
"2023-06-02",21.02,12.03,17.13
"2023-06-03",20.88,11.95,17.16
"2023-06-04",21.1,12,17.19
"2023-06-05",21.14,11.99,17.22
"2023-06-06",21.14,11.96,17.26
"2023-06-07",21.21,11.96,17.29
"2023-06-08",21.26,11.97,17.32
"2023-06-09",21.29,11.96,17.35
"2023-06-10",21.33,11.95,17.39
"2023-06-11",21.38,11.95,17.42
"2023-06-12",21.36,11.9,17.45
"2023-06-13",21.4,11.9,17.49
"2023-06-14",21.45,11.88,17.52
"2023-06-15",21.41,11.84,17.55
"2023-06-16",21.46,11.83,17.59
"2023-06-17",21.49,11.81,17.62
"2023-06-18",21.52,11.78,17.65
"2023-06-19",21.53,11.77,17.69
"2023-06-20",21.61,11.78,17.72
"2023-06-21",21.64,11.76,17.75
"2023-06-22",21.64,11.75,17.79
"2023-06-23",21.68,11.73,17.82
"2023-06-24",21.72,11.73,17.86
"2023-06-25",21.69,11.64,17.89
"2023-06-26",21.71,11.62,17.92
"2023-06-27",21.72,11.6,17.96
"2023-06-28",21.75,11.56,17.99
"2023-06-29",21.68,11.48,18.03
"2023-06-30",21.75,11.49,18.06
"2023-07-01",21.8,11.48,18.09
"2023-07-02",21.84,11.48,18.13
"2023-07-03",21.83,11.46,18.16
"2023-07-04",21.91,11.48,18.2
"2023-07-05",21.96,11.48,18.23
"2023-07-06",21.94,11.45,18.27
"2023-07-07",22.03,11.44,18.3
"2023-07-08",22.03,11.41,18.34
"2023-07-09",22.08,11.41,18.37
"2023-07-10",22.04,11.37,18.41
"2023-07-11",22.15,11.42,18.44
"2023-07-12",22.2,11.41,18.48
"2023-07-13",22.26,11.41,18.51
"2023-07-14",22.31,11.41,18.55
"2023-07-15",22.3,11.37,18.58
"2023-07-16",22.25,11.3,18.62
"2023-07-17",22.36,11.33,18.65
"2023-07-18",22.39,11.32,18.69
"2023-07-19",22.42,11.31,18.72
"2023-07-20",22.47,11.31,18.76
"2023-07-21",22.47,11.27,18.8
"2023-07-22",22.55,11.28,18.83
"2023-07-23",22.6,11.29,18.87
"2023-07-24",22.61,11.28,18.9
"2023-07-25",22.65,11.28,18.94
"2023-07-26",22.7,11.28,18.97
"2023-07-27",22.74,11.27,19.01
"2023-07-28",22.78,11.28,19.05
"2023-07-29",22.78,11.25,19.08
"2023-07-30",22.8,11.23,19.12
"2023-07-31",22.88,11.25,19.16
"2023-08-01",22.9,11.25,19.19
"2023-08-02",22.94,11.24,19.23
"2023-08-03",22.98,11.25,19.27
"2023-08-04",23.01,11.23,19.3
"2023-08-05",22.97,11.19,19.34
"2023-08-06",23.06,11.18,19.38
"2023-08-07",23.12,11.2,19.41
"2023-08-08",23.16,11.21,19.45
"2023-08-09",23.17,11.19,19.49
"2023-08-10",23.22,11.17,19.52
"2023-08-11",23.31,11.19,19.56
"2023-08-12",23.34,11.18,19.6
"2023-08-13",23.28,11.1,19.63
"2023-08-14",23.29,11.06,19.67
"2023-08-15",23.31,11.04,19.71
"2023-08-16",23.28,10.99,19.75
"2023-08-17",23.33,10.99,19.78
"2023-08-18",23.37,10.98,19.82
"2023-08-19",23.42,10.98,19.86
"2023-08-20",23.48,10.99,19.9
"2023-08-21",23.48,10.95,19.93
"2023-08-22",23.5,10.95,19.97
"2023-08-23",23.51,10.93,20.01
"2023-08-24",23.58,10.93,20.05
"2023-08-25",23.6,10.93,20.09
"2023-08-26",23.63,10.93,20.13
"2023-08-27",23.59,10.89,20.16
"2023-08-28",23.5,10.83,20.2
"2023-08-29",23.63,10.86,20.24
"2023-08-30",23.6,10.84,20.28
"2023-08-31",23.65,10.82,20.32
"2023-09-01",23.61,10.75,20.36
"2023-09-02",23.65,10.74,20.39
"2023-09-03",23.65,10.73,20.43
"2023-09-04",23.67,10.74,20.47
"2023-09-05",23.71,10.73,20.51
"2023-09-06",23.73,10.72,20.55
"2023-09-07",23.75,10.71,20.59
"2023-09-08",23.77,10.69,20.63
"2023-09-09",23.82,10.69,20.67
"2023-09-10",23.86,10.68,20.71
"2023-09-11",23.85,10.65,20.75
"2023-09-12",23.88,10.65,20.79
"2023-09-13",23.9,10.65,20.82
"2023-09-14",23.97,10.66,20.86
"2023-09-15",23.97,10.63,20.9
"2023-09-16",24.02,10.62,20.94
"2023-09-17",24.06,10.63,20.98
"2023-09-18",24.09,10.62,21.02
"2023-09-19",24.08,10.59,21.06
"2023-09-20",24.14,10.59,21.1
"2023-09-21",24.11,10.56,21.14
"2023-09-22",24.17,10.57,21.18
"2023-09-23",24.16,10.53,21.22
"2023-09-24",24.18,10.52,21.26
"2023-09-25",24.17,10.51,21.3
"2023-09-26",24.28,10.52,21.35
"2023-09-27",24.19,10.48,21.39
"2023-09-28",24.24,10.49,21.43
"2023-09-29",24.27,10.46,21.47
"2023-09-30",24.19,10.36,21.51
"2023-10-01",24.16,10.28,21.55
"2023-10-02",24.17,10.26,21.59
"2023-10-03",24.15,10.23,21.63
"2023-10-04",24.14,10.2,21.67
"2023-10-05",24.17,10.2,21.71
"2023-10-06",24.1,10.12,21.75
"2023-10-07",24.09,10.11,21.8
"2023-10-08",24.08,10.1,21.84
"2023-10-09",24.14,10.1,21.88
"2023-10-10",24.16,10.09,21.92
"2023-10-11",24.18,10.06,21.96
"2023-10-12",24.15,10.05,22
"2023-10-13",24.02,10.01,22.05
"2023-10-14",24.25,10.04,22.09
"2023-10-15",24.27,10.02,22.13
"2023-10-16",24.23,9.96,22.17
"2023-10-17",24.28,9.96,22.21
"2023-10-18",24.3,9.95,22.26
"2023-10-19",24.3,9.93,22.3
"2023-10-20",24.24,9.85,22.34
"2023-10-21",24.29,9.85,22.38
"2023-10-22",24.32,9.85,22.43
"2023-10-23",24.35,9.84,22.47
"2023-10-24",24.33,9.8,22.51
"2023-10-25",24.41,9.82,22.55
"2023-10-26",24.41,9.79,22.6
"2023-10-27",24.46,9.8,22.64
"2023-10-28",24.46,9.77,22.68
"2023-10-29",24.43,9.73,22.73
"2023-10-30",24.46,9.73,22.77
"2023-10-31",24.52,9.71,22.81
"2023-11-01",24.48,9.62,22.86
"2023-11-02",24.49,9.6,22.9
"2023-11-03",24.51,9.59,22.94
"2023-11-04",24.48,9.55,22.99
"2023-11-05",24.55,9.56,23.03
"2023-11-06",24.57,9.54,23.07
"2023-11-07",24.6,9.54,23.12
"2023-11-08",24.51,9.48,23.16
"2023-11-09",24.61,9.47,23.21
"2023-11-10",24.65,9.45,23.25
"2023-11-11",24.69,9.47,23.29
"2023-11-12",24.71,9.46,23.34
"2023-11-13",24.68,9.42,23.38
"2023-11-14",24.69,9.4,23.43
"2023-11-15",24.68,9.38,23.47
"2023-11-16",24.71,9.37,23.52
"2023-11-17",24.79,9.39,23.56
"2023-11-18",24.78,9.36,23.61
"2023-11-19",24.78,9.34,23.65
"2023-11-20",24.79,9.32,23.7
"2023-11-21",24.73,9.3,23.74
"2023-11-22",24.66,9.29,23.79
"2023-11-23",24.83,9.31,23.83
"2023-11-24",24.82,9.29,23.88
"2023-11-25",24.81,9.25,23.92
"2023-11-26",24.83,9.26,23.97
"2023-11-27",24.73,9.23,24.01
"2023-11-28",24.87,9.28,24.06
"2023-11-29",24.85,9.24,24.1
"2023-11-30",24.81,9.22,24.15
"2023-12-01",24.75,9.13,24.2
"2023-12-02",24.8,9.13,24.24
"2023-12-03",24.81,9.12,24.29
"2023-12-04",24.81,9.11,24.33
"2023-12-05",24.87,9.11,24.38
"2023-12-06",24.86,9.08,24.43
"2023-12-07",24.92,9.09,24.47
"2023-12-08",24.75,8.99,24.52
"2023-12-09",24.41,8.86,24.57
"2023-12-10",24.83,9,24.61
"2023-12-11",24.88,9.01,24.66
"2023-12-12",24.6,8.87,24.71
"2023-12-13",24.68,8.86,24.75
"2023-12-14",24.88,8.94,24.8
"2023-12-15",24.88,8.94,24.85
"2023-12-16",24.86,8.91,24.89
"2023-12-17",24.99,8.96,24.94
"2023-12-18",24.98,8.95,24.99
"2023-12-19",25.01,8.95,25.04
"2023-12-20",25.01,8.94,25.08
"2023-12-21",24.98,8.91,25.13
"2023-12-22",25,8.91,25.18
"2023-12-23",24.96,8.88,25.23
"2023-12-24",24.93,8.85,25.28
"2023-12-25",24.94,8.83,25.32
"2023-12-26",24.93,8.8,25.37
"2023-12-27",24.95,8.79,25.42
"2023-12-28",24.95,8.79,25.47
"2023-12-29",24.97,8.79,25.52
"2023-12-30",24.96,8.73,25.57
"2023-12-31",24.92,8.69,25.61
"2024-01-01",24.95,8.7,25.66
"2024-01-02",24.95,8.68,25.71
"2024-01-03",24.88,8.65,25.76
"2024-01-04",24.86,8.62,25.81
"2024-01-05",24.91,8.62,25.86
"2024-01-06",24.91,8.58,25.91
"2024-01-07",24.95,8.6,25.96
"2024-01-08",24.94,8.59,26.01
"2024-01-09",24.97,8.58,26.06
"2024-01-10",24.95,8.54,26.11
"2024-01-11",24.95,8.53,26.15
"2024-01-12",24.83,8.41,26.2
"2024-01-13",24.96,8.48,26.25
"2024-01-14",24.98,8.49,26.3
"2024-01-15",25.02,8.5,26.35
"2024-01-16",24.97,8.46,26.4
"2024-01-17",25.02,8.47,26.45
"2024-01-18",24.99,8.46,26.5
"2024-01-19",24.98,8.44,26.56
"2024-01-20",24.98,8.41,26.61
"2024-01-21",25,8.39,26.66
"2024-01-22",24.98,8.36,26.71
"2024-01-23",24.99,8.34,26.76
"2024-01-24",25.03,8.33,26.81
"2024-01-25",25,8.3,26.86
"2024-01-26",24.8,8.2,26.91
"2024-01-27",24.93,8.26,26.96
"2024-01-28",25.01,8.25,27.01
"2024-01-29",25.02,8.22,27.06
"2024-01-30",24.96,8.11,27.12
"2024-01-31",24.83,7.98,27.17
"2024-02-01",24.81,7.94,27.22
"2024-02-02",24.92,8.01,27.27
"2024-02-03",24.99,8.04,27.32
"2024-02-04",25.01,8.02,27.37
"2024-02-05",24.99,7.99,27.43
"2024-02-06",25.01,7.97,27.48
"2024-02-07",24.97,7.92,27.53
"2024-02-08",24.96,7.9,27.58
"2024-02-09",24.98,7.89,27.64
"2024-02-10",25.03,7.91,27.69
"2024-02-11",25.03,7.9,27.74
"2024-02-12",25.06,7.9,27.79
"2024-02-13",25.09,7.9,27.85
"2024-02-14",25.09,7.88,27.9
"2024-02-15",25.08,7.87,27.95
"2024-02-16",25.1,7.86,28.01
"2024-02-17",25.05,7.81,28.06
"2024-02-18",25.07,7.82,28.11
"2024-02-19",25.07,7.81,28.17
"2024-02-20",25.04,7.76,28.22
"2024-02-21",25.04,7.76,28.27
"2024-02-22",24.97,7.74,28.33
"2024-02-23",25,7.73,28.38
"2024-02-24",25.03,7.71,28.43
"2024-02-25",25,7.67,28.49
"2024-02-26",24.94,7.65,28.54
"2024-02-27",24.87,7.6,28.6
"2024-02-28",24.91,7.61,28.65
"2024-02-29",24.92,7.59,28.71
"2024-03-01",24.9,7.59,28.76
"2024-03-02",24.94,7.58,28.81
"2024-03-03",24.96,7.57,28.87
"2024-03-04",24.95,7.56,28.92
"2024-03-05",24.88,7.53,28.98
"2024-03-06",24.91,7.53,29.03
"2024-03-07",24.87,7.52,29.09
"2024-03-08",24.82,7.5,29.14
"2024-03-09",24.81,7.49,29.2
"2024-03-10",24.87,7.49,29.26
"2024-03-11",24.85,7.47,29.31
"2024-03-12",24.81,7.45,29.37
"2024-03-13",24.88,7.47,29.42
"2024-03-14",24.9,7.45,29.48
"2024-03-15",24.86,7.44,29.53
"2024-03-16",24.89,7.43,29.59
"2024-03-17",24.85,7.41,29.65
"2024-03-18",24.87,7.4,29.7
"2024-03-19",24.83,7.39,29.76
"2024-03-20",24.85,7.38,29.82
"2024-03-21",24.85,7.38,29.87
"2024-03-22",24.74,7.34,29.93
"2024-03-23",24.84,7.37,29.99
"2024-03-24",24.88,7.37,30.04
"2024-03-25",24.83,7.35,30.1
"2024-03-26",24.82,7.33,30.16
"2024-03-27",24.74,7.28,30.22
"2024-03-28",24.72,7.26,30.27
"2024-03-29",24.68,7.2,30.33
"2024-03-30",24.69,7.2,30.39
"2024-03-31",24.64,7.16,30.45
"2024-04-01",24.55,7.14,30.5
"2024-04-02",24.6,7.14,30.56
"2024-04-03",24.59,7.13,30.62
"2024-04-04",24.57,7.13,30.68
"2024-04-05",24.5,7.11,30.74
"2024-04-06",24.35,7.03,30.8
"2024-04-07",24.31,7.07,30.85
"2024-04-08",24.29,7.05,30.91
"2024-04-09",24.18,7.03,30.97
"2024-04-10",23.98,6.97,31.03
"2024-04-11",23.67,6.83,31.09
"2024-04-12",23.89,6.87,31.15
"2024-04-13",23.95,6.92,31.21
"2024-04-14",23.97,6.92,31.27
"2024-04-15",23.99,6.95,31.33
"2024-04-16",23.99,6.94,31.39
"2024-04-17",24.01,6.92,31.45
"2024-04-18",23.88,6.89,31.5
"2024-04-19",23.83,6.87,31.56
"2024-04-20",23.89,6.88,31.62
"2024-04-21",23.85,6.85,31.68
"2024-04-22",23.85,6.85,31.75
"2024-04-23",23.8,6.82,31.81
"2024-04-24",23.37,6.68,31.87
"2024-04-25",23.24,6.64,31.93
"2024-04-26",23.54,6.71,31.99
"2024-04-27",23.63,6.72,32.05
"2024-04-28",23.59,6.71,32.11
"2024-04-29",23.53,6.65,32.17
"2024-04-30",23.44,6.59,32.23
"2024-05-01",23.42,6.58,32.29
"2024-05-02",23.43,6.58,32.35
"2024-05-03",23.42,6.57,32.42
"2024-05-04",23.4,6.57,32.48
"2024-05-05",23.35,6.53,32.54
"2024-05-06",23.31,6.5,32.6
"2024-05-07",23.29,6.49,32.66
"2024-05-08",23.2,6.44,32.72
"2024-05-09",23.23,6.46,32.79
"2024-05-10",23.24,6.45,32.85
"2024-05-11",23.25,6.46,32.91
"2024-05-12",23.21,6.44,32.97
"2024-05-13",23.2,6.43,33.04
"2024-05-14",23.2,6.43,33.1
"2024-05-15",23.15,6.4,33.16
"2024-05-16",23.14,6.39,33.23
"2024-05-17",23.04,6.36,33.29
"2024-05-18",23.11,6.38,33.35
"2024-05-19",23.1,6.37,33.42
"2024-05-20",23.06,6.35,33.48
"2024-05-21",22.99,6.28,33.54
"2024-05-22",22.99,6.3,33.61
"2024-05-23",22.96,6.28,33.67
"2024-05-24",22.87,6.23,33.73
"2024-05-25",22.93,6.23,33.8
"2024-05-26",22.95,6.25,33.86
"2024-05-27",22.94,6.19,33.93
"2024-05-28",22.96,6.21,33.99
"2024-05-29",23,6.23,34.06
"2024-05-30",22.83,6.21,34.12
"2024-05-31",22.74,6.18,34.19
"2024-06-01",22.78,6.18,34.25
"2024-06-02",22.8,6.17,34.32
"2024-06-03",22.84,6.19,34.38
"2024-06-04",22.8,6.15,34.45
"2024-06-05",22.76,6.17,34.51
"2024-06-06",22.86,6.17,34.58
"2024-06-07",22.83,6.15,34.64
"2024-06-08",22.87,6.16,34.71
"2024-06-09",22.85,6.14,34.77
"2024-06-10",22.39,6,34.84
"2024-06-11",22.73,6.07,34.91
"2024-06-12",22.75,6.04,34.97
"2024-06-13",22.75,6.05,35.04
"2024-06-14",22.7,6.03,35.11
"2024-06-15",22.7,6.01,35.17
"2024-06-16",22.7,5.96,35.24
"2024-06-17",22.71,5.98,35.31
"2024-06-18",22.73,5.98,35.37
"2024-06-19",22.68,5.97,35.44
"2024-06-20",22.68,5.97,35.51
"2024-06-21",22.69,5.95,35.58
"2024-06-22",22.73,5.95,35.64
"2024-06-23",22.75,5.94,35.71
"2024-06-24",22.76,5.93,35.78
"2024-06-25",22.71,5.92,35.85
"2024-06-26",22.74,5.92,35.92
"2024-06-27",22.72,5.9,35.98
"2024-06-28",22.59,5.88,36.05
"2024-06-29",22.75,5.89,36.12
"2024-06-30",22.56,5.86,36.19
"2024-07-01",22.63,5.84,36.26
"2024-07-02",22.64,5.83,36.33
"2024-07-03",22.62,5.83,36.4
"2024-07-04",22.66,5.83,36.47
"2024-07-05",22.66,5.82,36.53
"2024-07-06",22.68,5.81,36.6
"2024-07-07",22.65,5.81,36.67
"2024-07-08",22.59,5.78,36.74
"2024-07-09",22.55,5.77,36.81
"2024-07-10",22.53,5.76,36.88
"2024-07-11",22.57,5.77,36.95
"2024-07-12",22.61,5.76,37.02
"2024-07-13",22.6,5.75,37.09
"2024-07-14",22.68,5.76,37.16
"2024-07-15",22.65,5.73,37.24
"2024-07-16",22.62,5.67,37.31
"2024-07-17",22.48,5.62,37.38
"2024-07-18",22.54,5.64,37.45
"2024-07-19",22.53,5.64,37.52
"2024-07-20",22.63,5.66,37.59
"2024-07-21",22.61,5.63,37.66
"2024-07-22",22.67,5.66,37.73
"2024-07-23",22.57,5.62,37.81
"2024-07-24",22.5,5.57,37.88
"2024-07-25",22.53,5.55,37.95
"2024-07-26",22.58,5.54,38.02
"2024-07-27",22.62,5.54,38.09
"2024-07-28",22.63,5.52,38.17
"2024-07-29",22.63,5.53,38.24
"2024-07-30",22.53,5.5,38.31
"2024-07-31",22.52,5.41,38.38
"2024-08-01",22.48,5.32,38.46
"2024-08-02",22.57,5.34,38.53
"2024-08-03",22.57,5.33,38.6
"2024-08-04",22.55,5.33,38.68
"2024-08-05",22.55,5.31,38.75
"2024-08-06",22.32,5.18,38.82
"2024-08-07",22.22,5.15,38.9
"2024-08-08",22.52,5.27,38.97
"2024-08-09",22.57,5.26,39.05
"2024-08-10",22.6,5.29,39.12
"2024-08-11",22.62,5.27,39.19
"2024-08-12",22.65,5.28,39.27
"2024-08-13",22.59,5.26,39.34
"2024-08-14",22.66,5.27,39.42
"2024-08-15",22.69,5.27,39.49
"2024-08-16",22.7,5.25,39.57
"2024-08-17",22.74,5.24,39.64
"2024-08-18",22.79,5.26,39.72
"2024-08-19",22.78,5.24,39.79
"2024-08-20",22.68,5.17,39.87
"2024-08-21",22.68,5.17,39.95
"2024-08-22",22.7,5.17,40.02
"2024-08-23",22.7,5.17,40.1
"2024-08-24",22.67,5.16,40.17
"2024-08-25",22.73,5.16,40.25
"2024-08-26",22.72,5.14,40.33
"2024-08-27",22.72,5.13,40.4
"2024-08-28",22.75,5.12,40.48
"2024-08-29",22.71,5.09,40.56
"2024-08-30",22.73,5.08,40.63
"2024-08-31",22.67,5.04,40.71
"2024-09-01",22.7,5.05,40.79
"2024-09-02",22.66,5.04,40.87
"2024-09-03",22.62,5.01,40.94
"2024-09-04",22.65,4.99,41.02
"2024-09-05",22.69,4.98,41.1
"2024-09-06",22.62,4.95,41.18
"2024-09-07",22.74,4.98,41.26
"2024-09-08",22.76,4.97,41.33
"2024-09-09",22.63,4.94,41.41
"2024-09-10",22.69,4.93,41.49
"2024-09-11",22.67,4.94,41.57
"2024-09-12",22.66,4.9,41.65
"2024-09-13",22.67,4.88,41.73
"2024-09-14",22.77,4.94,41.81
"2024-09-15",22.83,4.94,41.89
"2024-09-16",21.5,4.6,41.97
"2024-09-17",22.31,4.83,42.05
"2024-09-18",22.84,4.92,42.13
"2024-09-19",22.82,4.91,42.21
"2024-09-20",22.8,4.89,42.29
"2024-09-21",22.92,4.92,42.37
"2024-09-22",22.92,4.92,42.45
"2024-09-23",22.89,4.88,42.53
"2024-09-24",22.88,4.85,42.61
"2024-09-25",22.89,4.84,42.69
"2024-09-26",22.9,4.84,42.77
"2024-09-27",22.89,4.85,42.85
"2024-09-28",22.92,4.85,42.93
"2024-09-29",22.87,4.83,43.02
"2024-09-30",22.75,4.81,43.1
"2024-10-01",22.7,4.8,43.18
"2024-10-02",22.79,4.81,43.26
"2024-10-03",22.81,4.82,43.34
"2024-10-04",22.85,4.81,43.43
"2024-10-05",22.87,4.81,43.51
"2024-10-06",22.87,4.8,43.59
"2024-10-07",22.94,4.81,43.67
"2024-10-08",22.99,4.81,43.76
"2024-10-09",22.95,4.8,43.84
"2024-10-10",23.04,4.81,43.92
"2024-10-11",22.97,4.8,44.01
"2024-10-12",23.03,4.8,44.09
"2024-10-13",23.08,4.8,44.18
"2024-10-14",23.06,4.79,44.26
"2024-10-15",23.11,4.79,44.34
"2024-10-16",23.1,4.79,44.43
"2024-10-17",23.12,4.79,44.51
"2024-10-18",23.13,4.79,44.6
"2024-10-19",23.14,4.79,44.68
"2024-10-20",23.1,4.75,44.77
"2024-10-21",23.18,4.78,44.85
"2024-10-22",23.21,4.79,44.94
"2024-10-23",23.13,4.77,45.02
"2024-10-24",22.98,4.74,45.11
"2024-10-25",23.14,4.71,45.19
"2024-10-26",23.16,4.73,45.28
"2024-10-27",23.07,4.7,45.37
"2024-10-28",23.08,4.7,45.45
"2024-10-29",23.05,4.69,45.54
"2024-10-30",23.12,4.69,45.62
"2024-10-31",23.14,4.69,45.71
"2024-11-01",23.12,4.68,45.8
"2024-11-02",23.19,4.69,45.89
"2024-11-03",23.16,4.67,45.97
"2024-11-04",23.16,4.65,46.06
"2024-11-05",23.15,4.65,46.15
"2024-11-06",23.11,4.64,46.24
"2024-11-07",22.94,4.61,46.32
"2024-11-08",23.02,4.61,46.41
"2024-11-09",23.05,4.61,46.5
"2024-11-10",23.17,4.62,46.59
"2024-11-11",23.2,4.63,46.68
"2024-11-12",23.24,4.63,46.77
"2024-11-13",23.22,4.62,46.85
"2024-11-14",23.07,4.61,46.94
"2024-11-15",23.06,4.6,47.03
"2024-11-16",23.28,4.62,47.12
"2024-11-17",23.29,4.61,47.21
"2024-11-18",23.19,4.58,47.3
"2024-11-19",23.22,4.59,47.39
"2024-11-20",23.18,4.55,47.48
"2024-11-21",22.91,4.43,47.57
"2024-11-22",23.23,4.52,47.66
"2024-11-23",23.3,4.54,47.75
"2024-11-24",23.31,4.55,47.84
"2024-11-25",23.32,4.56,47.93
"2024-11-26",23.29,4.54,48.03
"2024-11-27",23.28,4.5,48.12
"2024-11-28",23.28,4.47,48.21
"2024-11-29",23.31,4.49,48.3
"2024-11-30",23.33,4.49,48.39
"2024-12-01",23.34,4.49,48.48
"2024-12-02",23.34,4.49,48.58
"2024-12-03",23.35,4.5,48.67
"2024-12-04",23.35,4.5,48.76
"2024-12-05",23.37,4.5,48.85
"2024-12-06",23.33,4.47,48.95
"2024-12-07",23.36,4.48,49.04
"2024-12-08",23.32,4.47,49.13
"2024-12-09",23.3,4.44,49.23
"2024-12-10",23.19,4.33,49.32
"2024-12-11",23.23,4.34,49.41
"2024-12-12",23.28,4.34,49.51
"2024-12-13",23.29,4.34,49.6
"2024-12-14",23.3,4.33,49.7
"2024-12-15",23.3,4.32,49.79
"2024-12-16",23.33,4.33,49.88
"2024-12-17",23.27,4.29,49.98
"2024-12-18",23.27,4.3,50.07
"2024-12-19",23.3,4.31,50.17
"2024-12-20",23.3,4.31,50.26
"2024-12-21",23.29,4.31,50.36
"2024-12-22",23.28,4.3,50.46
"2024-12-23",23.3,4.3,50.55
"2024-12-24",23.3,4.29,50.65
"2024-12-25",23.31,4.29,50.74
"2024-12-26",23.21,4.26,50.84
"2024-12-27",23.21,4.25,50.94
"2024-12-28",23.13,4.24,51.03
"2024-12-29",23.08,4.22,51.13
"2024-12-30",22.97,4.19,51.23
"2024-12-31",22.93,4.17,51.33
"2025-01-01",22.91,4.17,51.42
"2025-01-02",22.89,4.16,51.52
"2025-01-03",22.89,4.17,51.62
"2025-01-04",22.87,4.16,51.72
"2025-01-05",22.81,4.13,51.82
"2025-01-06",22.88,4.15,51.91
"2025-01-07",22.89,4.16,52.01
"2025-01-08",22.87,4.15,52.11
"2025-01-09",22.8,4.14,52.21
"2025-01-10",22.81,4.14,52.31
"2025-01-11",22.9,4.14,52.41
"2025-01-12",22.9,4.12,52.51
"2025-01-13",22.92,4.12,52.61
"2025-01-14",22.93,4.12,52.71
"2025-01-15",22.95,4.12,52.81
"2025-01-16",22.82,4.1,52.91
"2025-01-17",22.87,4.11,53.01
"2025-01-18",22.95,4.12,53.11
"2025-01-19",22.96,4.1,53.21
"2025-01-20",22.96,4.09,53.31
"2025-01-21",22.97,4.08,53.41
"2025-01-22",22.97,4.07,53.52
"2025-01-23",22.97,4.08,53.62
"2025-01-24",22.98,4.07,53.72
"2025-01-25",23.01,4.07,53.82
"2025-01-26",23.02,4.07,53.92
"2025-01-27",22.99,4.05,54.03
"2025-01-28",23,4.03,54.13
"2025-01-29",22.99,4.03,54.23
"2025-01-30",22.97,4.02,54.33
"2025-01-31",22.96,4.01,54.44
"2025-02-01",22.96,4.01,54.54
"2025-02-02",22.97,4.01,54.65
"2025-02-03",22.96,4,54.75
"2025-02-04",22.95,4,54.85
"2025-02-05",22.94,3.99,54.96
"2025-02-06",22.95,3.99,55.06
"2025-02-07",22.94,3.99,55.17
"2025-02-08",22.94,3.99,55.27
"2025-02-09",22.93,3.98,55.38
"2025-02-10",22.91,3.97,55.48
"2025-02-11",22.98,3.99,55.59
"2025-02-12",22.98,3.99,55.69
"2025-02-13",23,3.99,55.8
"2025-02-14",22.91,3.97,55.9
"2025-02-15",22.85,3.97,56.01
"2025-02-16",22.8,3.96,56.12
"2025-02-17",22.76,3.96,56.22
"2025-02-18",22.72,3.94,56.33
"2025-02-19",22.73,3.93,56.44
"2025-02-20",22.75,3.94,56.55
"2025-02-21",22.78,3.95,56.65
"2025-02-22",22.78,3.94,56.76
"2025-02-23",22.79,3.94,56.87
"2025-02-24",22.8,3.93,56.98
"2025-02-25",22.75,3.93,57.08
"2025-02-26",22.77,3.93,57.19
"2025-02-27",22.77,3.92,57.3
"2025-02-28",22.72,3.91,57.41
"2025-03-01",22.43,3.88,57.52
"2025-03-02",22.63,3.9,57.63
"2025-03-03",22.64,3.9,57.74
"2025-03-04",22.64,3.9,57.85
"2025-03-05",22.63,3.9,57.96
"2025-03-06",22.63,3.9,58.07
"2025-03-07",22.55,3.88,58.18
"2025-03-08",22.58,3.87,58.29
"2025-03-09",22.62,3.88,58.4
"2025-03-10",22.62,3.88,58.51
"2025-03-11",22.63,3.88,58.62
"2025-03-12",22.57,3.87,58.73
"2025-03-13",22.66,3.88,58.85
"2025-03-14",22.64,3.86,58.96
"2025-03-15",22.67,3.86,59.07
"2025-03-16",22.67,3.86,59.18
"2025-03-17",22.53,3.85,59.29
"2025-03-18",22.61,3.86,59.41
"2025-03-19",22.63,3.86,59.52
"2025-03-20",22.7,3.86,59.63
"2025-03-21",22.69,3.86,59.75
"2025-03-22",22.65,3.84,59.86
"2025-03-23",22.68,3.84,59.97
"2025-03-24",22.65,3.83,60.09
"2025-03-25",22.73,3.85,60.2
"2025-03-26",22.69,3.85,60.32
"2025-03-27",22.69,3.85,60.43
"2025-03-28",22.77,3.85,60.55
"2025-03-29",22.77,3.84,60.66
"2025-03-30",22.79,3.84,60.78
"2025-03-31",22.76,3.83,60.89
"2025-04-01",22.79,3.83,61.01
"2025-04-02",22.49,3.59,61.12
"2025-04-03",22.57,3.62,61.24
"2025-04-04",22.78,3.78,61.36
"2025-04-05",22.82,3.8,61.47
"2025-04-06",22.85,3.8,61.59
"2025-04-07",22.8,3.78,61.71
"2025-04-08",22.83,3.79,61.82
"2025-04-09",22.84,3.79,61.94
"2025-04-10",22.68,3.71,62.06
"2025-04-11",22.62,3.67,62.18
"2025-04-12",22.77,3.76,62.3
"2025-04-13",22.67,3.75,62.41
"2025-04-14",22.61,3.74,62.53
"2025-04-15",21.89,3.54,62.65
"2025-04-16",22.26,3.68,62.77
"2025-04-17",22.56,3.72,62.89
"2025-04-18",22.61,3.71,63.01
"2025-04-19",22.59,3.7,63.13
"2025-04-20",22.49,3.69,63.25
"2025-04-21",22.52,3.7,63.37
"2025-04-22",22.57,3.7,63.49
"2025-04-23",22.61,3.72,63.61
"2025-04-24",22.62,3.72,63.73
"2025-04-25",22.61,3.71,63.85
"2025-04-26",22.58,3.68,63.97
"2025-04-27",22.63,3.69,64.1
"2025-04-28",22.58,3.69,64.12
"2025-04-29",22.27,3.66,64.34
"2025-04-30",22.19,3.64,64.46
"2025-05-01",22.22,3.63,64.58
"2025-05-02",22.25,3.62,64.71
"2025-05-03",22.28,3.63,64.83
"2025-05-04",22.32,3.64,64.95
"2025-05-05",22.34,3.64,65.08
"2025-05-06",22.28,3.62,65.2
"2025-05-07",22.17,3.57,65.32
"2025-05-08",22.28,3.61,65.45
"2025-05-09",22.34,3.63,65.57
"2025-05-10",22.31,3.63,65.7
"2025-05-11",22.33,3.63,65.82
"2025-05-12",22.38,3.62,65.95
"2025-05-13",22.35,3.63,66.07
"2025-05-14",22.23,3.61,66.2
"2025-05-15",22.18,3.61,66.32
"2025-05-16",22.21,3.6,66.45
"2025-05-17",22.26,3.61,66.58
"2025-05-18",22.2,3.6,66.7
"2025-05-19",22.22,3.6,66.83
"2025-05-20",22.3,3.61,66.96
"2025-05-21",22.29,3.61,67.08
"2025-05-22",22.34,3.61,67.21
"2025-05-23",22.36,3.61,67.34
"2025-05-24",22.4,3.61,67.47
"2025-05-25",22.38,3.61,67.6
"2025-05-26",22.43,3.61,67.72
"2025-05-27",22.44,3.62,67.85
"2025-05-28",22.44,3.59,67.98
"2025-05-29",22.48,3.6,68.11
"2025-05-30",22.45,3.59,68.24
"2025-05-31",22.46,3.59,68.37
"2025-06-01",22.46,3.59,68.5
"2025-06-02",22.46,3.59,68.63
"2025-06-03",22.41,3.56,68.76
"2025-06-04",22.49,3.56,68.89
"2025-06-05",22.48,3.55,69.02
"2025-06-06",22.5,3.58,69.15
"2025-06-07",22.57,3.59,69.29
"2025-06-08",22.54,3.58,69.42
"2025-06-09",22.59,3.59,69.55
"2025-06-10",22.57,3.59,69.68
"2025-06-11",22.59,3.59,69.81
"2025-06-12",22.64,3.59,69.95
"2025-06-13",22.69,3.59,70.08
"2025-06-14",22.7,3.58,70.21
"2025-06-15",22.56,3.5,70.35
"2025-06-16",22.52,3.38,70.48
"2025-06-17",22.53,3.38,70.61
"2025-06-18",22.27,3.3,70.75
"2025-06-19",22.36,3.27,70.88
"2025-06-20",22.65,3.46,71.02
"2025-06-21",22.65,3.46,71.15
"2025-06-22",22.69,3.46,71.29
"2025-06-23",22.65,3.44,71.42
"2025-06-24",22.63,3.43,71.56
"2025-06-25",22.63,3.43,71.7
"2025-06-26",22.66,3.43,71.83
"2025-06-27",22.71,3.42,71.97
"2025-06-28",22.57,3.41,72.1
"2025-06-29",22.69,3.46,72.24
"2025-06-30",22.58,3.34,72.38
"2025-07-01",22.57,3.33,72.52
"2025-07-02",22.62,3.33,72.65
"2025-07-03",22.67,3.32,72.79
"2025-07-04",22.7,3.3,72.93
"2025-07-05",22.71,3.3,73.07
"2025-07-06",22.68,3.29,73.21
"2025-07-07",22.69,3.28,73.35
"2025-07-08",22.72,3.28,73.49
"2025-07-09",22.6,3.27,73.63
"2025-07-10",22.61,3.26,73.77
"2025-07-11",22.52,3.21,73.91
"2025-07-12",22.47,3.13,74.05
"2025-07-13",22.46,3.12,74.19
"2025-07-14",22.46,3.12,74.33
"2025-07-15",22.45,3.12,74.47
"2025-07-16",22.43,3.11,74.61
"2025-07-17",22.55,3.12,74.75
"2025-07-18",22.6,3.12,74.9
"2025-07-19",22.62,3.12,75.04
"2025-07-20",22.58,3.11,75.18
"2025-07-21",22.63,3.11,75.32
"2025-07-22",22.54,3.1,75.47
"2025-07-23",22.64,3.11,75.61
"2025-07-24",22.73,3.11,75.75
"2025-07-25",22.77,3.11,75.9
"2025-07-26",22.81,3.11,76.04
"2025-07-27",22.79,3.11,76.19
"2025-07-28",22.81,3.11,76.33
"2025-07-29",22.8,3.1,76.48
"2025-07-30",22.82,3.09,76.62
"2025-07-31",22.82,3.08,76.77
"2025-08-01",22.83,3.08,76.91
"2025-08-02",22.85,3.09,77.06
"2025-08-03",22.97,3.1,77.21
"2025-08-04",23.01,3.1,77.35
"2025-08-05",23.07,3.1,77.5
"2025-08-06",23.11,3.11,77.65
"2025-08-07",23.13,3.11,77.8
"2025-08-08",23.17,3.11,77.94
"2025-08-09",23.19,3.11,78.09
"2025-08-10",23.13,3.11,78.24
"2025-08-11",23.23,3.12,78.39
"2025-08-12",23,3.08,78.54
"2025-08-13",23.21,3.11,78.69
"2025-08-14",23.25,3.12,78.84
"2025-08-15",23.31,3.12,78.99
"2025-08-16",23.38,3.13,79.14
"2025-08-17",23.37,3.13,79.29
"2025-08-18",23.37,3.13,79.44
"2025-08-19",23.25,3.11,79.59
"2025-08-20",23.4,3.12,79.74
"2025-08-21",23.42,3.12,79.89
"2025-08-22",23.47,3.13,80.04
"2025-08-23",23.47,3.13,80.2
"2025-08-24",23.48,3.13,80.35
"2025-08-25",23.47,3.12,80.5
"2025-08-26",23.47,3.1,80.65
"2025-08-27",23.53,3.12,80.81
"2025-08-28",23.51,3.08,80.96
"2025-08-29",23.48,3.07,81.11
"2025-08-30",23.41,3.06,81.27
"2025-08-31",23.44,3.07,81.42
"2025-09-01",23.5,3.07,81.58
"2025-09-02",23.5,3.07,81.73
"2025-09-03",23.5,3.07,81.89
"2025-09-04",23.47,3.07,82.04
"2025-09-05",23.39,3.06,82.2
"2025-09-06",23.45,3.06,82.36
"2025-09-07",23.48,3.07,82.51
"2025-09-08",23.5,3.07,82.67
"2025-09-09",23.52,3.07,82.83
"2025-09-10",23.56,3.11,82.98
"2025-09-11",23.59,3.12,83.14
"2025-09-12",23.58,3.12,83.3
"2025-09-13",23.62,3.12,83.46
"2025-09-14",23.64,3.12,83.62
"2025-09-15",23.6,3.12,83.78
"2025-09-16",23.57,3.08,83.93
"2025-09-17",23.62,3.07,84.09
"2025-09-18",23.58,3.07,84.25
"2025-09-19",23.61,3.06,84.41
"2025-09-20",23.59,3.05,84.57
"2025-09-21",23.62,3.05,84.74
"2025-09-22",23.56,3.04,84.9
"2025-09-23",23.55,3.04,85.06
"2025-09-24",23.31,3.01,85.22
"2025-09-25",22.39,2.88,85.38
"2025-09-26",23.42,3,85.54
"2025-09-27",23.48,3.02,85.71
"2025-09-28",23.47,3.01,85.87
"2025-09-29",23.37,3,86.03
"2025-09-30",23.45,3.01,86.2
"2025-10-01",23.42,3,86.36
"2025-10-02",23.41,3,86.52
"2025-10-03",23.41,3,86.69
"2025-10-04",23.43,3.01,86.85
"2025-10-05",23.44,3.01,87.02
"2025-10-06",23.41,3,87.18
"2025-10-07",22.94,2.95,87.35
"2025-10-08",22.18,2.87,87.52
"2025-10-09",22.1,2.86,87.68
"2025-10-10",22.01,2.86,87.85
"2025-10-11",22.04,2.86,88.02
"2025-10-12",22.11,2.86,88.18
"2025-10-13",22.17,2.87,88.35
"2025-10-14",22.13,2.86,88.52
"2025-10-15",22.04,2.87,88.69
"2025-10-16",22.07,2.9,88.86
"2025-10-17",22.1,2.9,89.02
"2025-10-18",22.05,2.89,89.19
"2025-10-19",22.07,2.89,89.36
"2025-10-20",22.09,2.9,89.53
"2025-10-21",22.1,2.9,89.7
"2025-10-22",22.1,2.9,89.87
"2025-10-23",22.1,2.9,90.04
"2025-10-24",22.15,2.89,90.22
"2025-10-25",22.15,2.89,90.39
"2025-10-26",22.12,2.88,90.56
"2025-10-27",22.15,2.88,90.73
"2025-10-28",22.18,2.88,90.9
"2025-10-29",21.97,2.86,91.08
"2025-10-30",21.97,2.86,91.25
"2025-10-31",21.6,2.78,91.42
"2025-11-01",21.53,2.75,91.6
"2025-11-02",21.53,2.73,91.77
"2025-11-03",21.52,2.74,91.95
"2025-11-04",21.62,2.75,92.12
"2025-11-05",21.62,2.75,92.3
"2025-11-06",21.66,2.76,92.47
"2025-11-07",21.68,2.76,92.65
"2025-11-08",21.64,2.75,92.82
"2025-11-09",21.67,2.76,93
"2025-11-10",21.66,2.76,93.18
"2025-11-11",21.62,2.75,93.35
"2025-11-12",21.65,2.75,93.53
"2025-11-13",21.65,2.75,93.71
"2025-11-14",21.33,2.72,93.89
"2025-11-15",20.41,2.62,94.06
"2025-11-16",20.43,2.63,94.24
"2025-11-17",20.41,2.62,94.42
"2025-11-18",20.42,2.62,94.6
"2025-11-19",20.42,2.62,94.78
"2025-11-20",20.45,2.63,94.96
"2025-11-21",20.33,2.61,95.14
"2025-11-22",20.41,2.62,95.32
"2025-11-23",20.4,2.62,95.5
"2025-11-24",20.33,2.61,95.69
"2025-11-25",20.16,2.59,95.87
"2025-11-26",20.31,2.59,96.05
"2025-11-27",20.33,2.58,96.23
"2025-11-28",20.35,2.59,96.42
"2025-11-29",20.36,2.59,96.6
"2025-11-30",20.31,2.58,96.78
"2025-12-01",20.3,2.58,96.97
"2025-12-02",20.32,2.58,97.15
"2025-12-03",20.3,2.58,97.34
"2025-12-04",20.25,2.57,97.52
"2025-12-05",20.22,2.54,97.71
"2025-12-06",20.09,2.5,97.89
"2025-12-07",20.06,2.49,98.08
"2025-12-08",19.98,2.49,98.26
"2025-12-09",20.05,2.5,98.45
"2025-12-10",20,2.5,98.64
"2025-12-11",20.05,2.5,98.83
"2025-12-12",20.1,2.5,99.01
"2025-12-13",20.12,2.5,99.2
"2025-12-14",20.06,2.49,99.39
"2025-12-15",20.12,2.5,99.58
"2025-12-16",20.1,2.51,99.77
"2025-12-17",20.1,2.54,99.96
"2025-12-18",20.15,2.55,100.15
"2025-12-19",20.1,2.54,100.34
"2025-12-20",19.91,2.51,100.53
"2025-12-21",19.94,2.5,100.72
"2025-12-22",19.44,2.4,100.91
"2025-12-23",19.4,2.4,101.1
"2025-12-24",19.83,2.46,101.3
"2025-12-25",19.8,2.45,101.49
"2025-12-26",19.84,2.46,101.68
"2025-12-27",19.91,2.47,101.87
"2025-12-28",19.83,2.46,102.07
"2025-12-29",19.8,2.46,102.26
"2025-12-30",19.63,2.44,102.46
"2025-12-31",19.37,2.38,102.65
"2026-01-01",19.38,2.36,102.85
"2026-01-02",19.4,2.37,103.04
"2026-01-03",19.38,2.36,103.24
"2026-01-04",19.41,2.36,103.43
"2026-01-05",19.42,2.37,103.63
"2026-01-06",19.22,2.35,103.83
"2026-01-07",19.16,2.34,104.03
"2026-01-08",19.17,2.34,104.22
"2026-01-09",19.37,2.36,104.42
"2026-01-10",19.29,2.35,104.62
"2026-01-11",19.35,2.35,104.82
"2026-01-12",19.27,2.34,105.02
